screen_name,created_at
disneyplus,2010-11-04 02:49:00+00:00
sulavkc,2010-11-04 02:49:00+00:00
bobchapek4,2021-03-09 22:55:24+00:00
Cesar73967532,2021-03-09 22:57:47+00:00
Alejand35196239,2021-03-09 22:44:53+00:00
Lk28691457,2021-03-09 22:49:44+00:00
its_amyclare,2009-02-21 04:07:16+00:00
Akemi71577023,2021-03-09 22:51:21+00:00
Ll3SN1c162oEXpW,2021-03-09 22:58:52+00:00
LoLo68985017,2021-03-09 22:55:01+00:00
philippajayne,2009-02-12 14:02:04+00:00
infinity_wanda,2021-02-14 18:55:39+00:00
Charlot83494480,2019-05-26 15:36:04+00:00
BillyGannon14,2021-03-09 17:14:19+00:00
Bryan37384441,2021-03-09 22:59:17+00:00
bianca58998693,2021-03-09 22:38:50+00:00
labella_dani,2021-03-09 22:59:20+00:00
serenaagomes,2015-05-02 01:56:19+00:00
MikeMillion562,2013-11-12 02:22:52+00:00
Imferflores,2018-01-17 14:58:37+00:00
Jaz90438582,2021-03-09 22:57:01+00:00
JessiJ3,2010-07-07 08:01:21+00:00
b09559549,2021-03-09 22:52:47+00:00
ImthecaptainG,2009-06-26 16:42:19+00:00
bosi_cheng,2021-03-09 22:30:14+00:00
Mateusz51833944,2020-10-08 20:43:31+00:00
RommelM91178168,2021-03-09 22:53:45+00:00
simoneippolito5,2012-11-10 19:38:08+00:00
duggernaut4,2021-03-09 22:50:52+00:00
llyrapd,2013-07-07 19:19:16+00:00
lan_suan,2021-03-09 22:49:30+00:00
ali14959471,2021-03-09 22:55:10+00:00
BtwWeirdo,2021-03-09 22:54:44+00:00
Valerymelendez9,2018-07-15 20:08:22+00:00
Ggff96702788,2021-03-09 11:47:22+00:00
MrsR295210,2014-03-18 14:16:12+00:00
presley31959487,2021-03-09 22:47:18+00:00
Alexis45158230,2021-03-09 22:52:59+00:00
Gabriel72125220,2021-03-09 22:51:26+00:00
AKIELBAILEY4,2020-11-24 13:22:55+00:00
Littlem52839588,2021-03-09 22:53:32+00:00
bullshito3,2021-03-09 22:52:58+00:00
GambleLikeMe,2012-02-22 02:35:18+00:00
OthmanKrid,2020-11-26 14:58:56+00:00
FrankDe11415830,2021-03-09 22:54:10+00:00
KevinDa25941525,2021-03-09 22:52:55+00:00
Nikki0423Nl,2014-08-16 20:53:02+00:00
JeniferHobbs17,2021-03-09 22:44:28+00:00
benkyo_boi,2010-06-05 16:09:39+00:00
Pedroma71130404,2021-02-17 17:43:41+00:00
fodase_flower,2021-03-09 22:45:46+00:00
MICHELM92871367,2021-03-09 22:43:09+00:00
Fael814,2021-03-09 22:49:07+00:00
richtheboot,2021-03-09 22:46:43+00:00
Sky83303393,2021-03-09 22:28:16+00:00
MELANIE_JRM,2020-12-17 23:33:14+00:00
Brandon41795975,2021-03-09 22:38:03+00:00
SaraDur69274218,2021-01-17 17:02:07+00:00
craigrodgers,2009-02-05 10:33:56+00:00
Amir33639202,2021-03-08 23:59:53+00:00
hypercharged207,2021-03-09 22:25:17+00:00
cxxnii1,2021-03-09 22:47:24+00:00
BillGat66954490,2021-03-09 22:40:45+00:00
milygirl10,2010-03-19 16:28:45+00:00
Nathali95844298,2021-03-09 22:41:53+00:00
KaviahV,2020-12-04 01:59:02+00:00
No_z04,2021-03-09 22:39:37+00:00
JerrodSwain3,2021-03-09 22:45:55+00:00
MelodyKessler11,2021-03-09 22:46:30+00:00
LorenaL92565783,2021-03-09 22:44:37+00:00
CuregLuis,2021-03-09 22:43:33+00:00
johnatans21,2021-03-09 22:36:14+00:00
GemmaTh42275136,2021-03-09 22:42:04+00:00
MelvinJrAdrian3,2021-03-09 22:34:56+00:00
paulagzx,2017-12-12 20:31:01+00:00
DelventhalTrent,2021-03-09 22:38:26+00:00
FragmentToxic,2021-03-09 22:43:17+00:00
iiT4K3Kketam1ne,2019-02-10 13:00:54+00:00
BryanVs70643551,2021-03-09 22:37:26+00:00
AxelCelleri,2021-03-09 22:42:26+00:00
lana47390079,2021-03-09 22:38:14+00:00
Melissa41304976,2021-03-04 21:31:09+00:00
AlfredoNetto14,2021-03-09 22:37:21+00:00
renee48891505,2021-03-09 22:35:45+00:00
Narimane_Tadj,2021-03-09 22:37:16+00:00
Geo7915,2021-03-09 22:36:50+00:00
Alisson23836381,2021-03-09 22:39:23+00:00
Victori49225348,2021-03-09 22:31:15+00:00
Mey_is_Bae,2015-08-05 11:34:21+00:00
inspodailydose,2021-03-09 22:39:16+00:00
TheRyuStorm1,2020-04-17 00:06:23+00:00
MariaCa38000998,2021-03-09 22:39:03+00:00
doretha_bello,2021-03-09 22:36:00+00:00
bara_captain,2021-03-09 22:37:28+00:00
FarissiChadi,2021-03-09 22:27:55+00:00
AcadiaGreen2,2021-03-09 22:26:29+00:00
Gage2k3,2018-01-24 01:42:13+00:00
adri_flr,2021-01-28 23:25:03+00:00
BaudyGonzales,2021-03-09 22:28:21+00:00
Ibrahimsallamm,2021-03-09 22:15:29+00:00
DefazSarahy,2021-03-09 22:32:49+00:00
BenJeanPierre1,2021-03-09 22:31:31+00:00
BradHancock14,2019-09-04 23:55:18+00:00
MarilouOlaivar,2021-03-09 22:31:21+00:00
TonyJGuerrero1,2017-02-26 20:53:05+00:00
yolitag,2009-12-14 14:07:04+00:00
EventsRight,2015-10-04 17:42:01+00:00
ariikaaxx,2014-06-17 23:43:21+00:00
jonathan96537,2021-02-24 09:12:50+00:00
CaetanoMegale,2020-11-25 12:48:41+00:00
TheDeathPixel,2020-06-01 21:22:33+00:00
TAbileen,2021-03-09 22:25:38+00:00
Emersonvncs,2020-12-16 19:15:42+00:00
PeeBee79475144,2021-03-09 22:26:06+00:00
mroques_,2020-07-14 17:30:01+00:00
CAguilar2004,2021-03-09 22:32:51+00:00
Serena98623570,2021-03-09 22:25:48+00:00
Daniela24535349,2021-03-09 22:31:45+00:00
firoz_burhan,2021-03-09 22:32:44+00:00
Jacobhough7,2009-12-05 20:03:31+00:00
mic_attia,2021-03-09 22:31:50+00:00
ozberkonecek,2011-04-21 09:09:00+00:00
andrebao_,2018-07-11 16:50:01+00:00
kassia_ward,2021-03-09 22:25:07+00:00
Dulce73594774,2021-03-09 22:29:50+00:00
bobonandff,2021-02-21 17:00:48+00:00
yatradinamicas_,2021-03-09 22:26:41+00:00
Amilov17,2020-11-06 18:08:16+00:00
Josimar86432709,2021-03-09 22:26:08+00:00
PerezNado,2021-03-09 22:25:52+00:00
DylanLo01226296,2021-03-09 22:31:20+00:00
camicolocho,2019-12-08 17:15:19+00:00
f1zzys0up,2017-06-07 16:41:11+00:00
Noconfo1,2021-03-09 22:26:54+00:00
pixelblockers,2021-03-05 18:05:45+00:00
KyleHow08644264,2021-03-09 22:26:58+00:00
wandasvisionnnn,2021-03-06 01:24:05+00:00
viviann38794282,2021-03-09 22:26:28+00:00
Astrobabeeeeee,2019-09-28 18:38:28+00:00
rommyisme,2021-03-09 22:23:07+00:00
dbow757,2013-09-09 01:50:47+00:00
Gustavo99309661,2020-11-13 04:37:24+00:00
mahmoud76164523,2021-03-09 21:59:49+00:00
Eduardo43950577,2021-03-09 22:29:26+00:00
CrystallGoldd,2021-03-09 22:17:46+00:00
Louis_Tommo_lov,2014-12-02 23:13:04+00:00
Calicojm13,2020-08-16 12:55:28+00:00
awkward_danii,2021-03-09 22:15:50+00:00
PheabeB,2021-03-09 22:27:16+00:00
Vera69699031,2021-03-09 22:23:03+00:00
yanzito_11,2021-03-08 20:28:24+00:00
StinaWermelin,2019-11-05 20:09:56+00:00
karlap_duran,2020-05-24 07:09:16+00:00
lila212411,2020-08-17 12:11:41+00:00
bab4_y4ga,2020-12-18 19:27:22+00:00
1xXFruitXx1,2020-07-13 13:04:20+00:00
du_liraa,2021-03-09 21:40:54+00:00
BrookLy33792898,2021-03-09 22:18:39+00:00
crissy_de_nhakk,2020-08-24 01:08:10+00:00
MaryFer65703569,2021-03-09 21:44:33+00:00
gregnoudis2,2020-11-16 21:50:11+00:00
gab_jer,2021-03-06 18:36:18+00:00
AnitaJo40504401,2021-02-20 00:51:19+00:00
Sina04646692,2021-03-06 20:35:28+00:00
Brandon42809516,2020-06-12 19:09:08+00:00
FatemeXmn,2017-03-16 17:43:25+00:00
Carla31269684,2021-02-06 22:22:15+00:00
HappySimulation,2021-03-09 22:23:21+00:00
y0uux1,2021-03-09 22:20:41+00:00
_chantelledes,2018-07-28 20:22:03+00:00
NocturnlCreatr,2021-02-12 04:00:34+00:00
Daniell17731604,2021-03-09 18:56:06+00:00
escarcha84,2015-06-12 22:58:40+00:00
Nikolin44212093,2021-03-09 11:20:39+00:00
ezra_polo,2021-03-06 18:51:20+00:00
MatthewMarak8,2021-03-09 22:16:14+00:00
Jamey93280472,2021-03-09 21:18:09+00:00
LalLavonne,2021-03-09 22:03:16+00:00
Sharad_Ptl,2016-11-27 21:31:49+00:00
Rodrigo38628589,2021-03-09 22:22:40+00:00
karlogabrielBR,2016-02-18 00:56:57+00:00
Brunoli74810183,2021-03-09 22:14:06+00:00
AyudaSotano,2020-08-03 18:40:12+00:00
AmySop89,2019-06-29 17:40:51+00:00
wallacyns,2012-03-09 13:12:27+00:00
Elkie10487518,2021-03-09 22:15:24+00:00
mochikev,2017-06-05 02:39:49+00:00
David42352162,2021-03-09 21:46:08+00:00
okinawa62806867,2021-03-09 22:15:39+00:00
KathyScriven,2021-03-09 21:58:49+00:00
ella86604097,2020-05-26 16:48:48+00:00
AmajaMandzik_,2019-08-25 02:57:33+00:00
Valenti64266318,2021-03-09 21:33:37+00:00
amber79149799,2021-03-09 22:20:36+00:00
Fanboy45121476,2021-03-09 22:11:23+00:00
nal161,2011-07-30 16:53:03+00:00
IndiaRo31724591,2021-03-09 22:13:36+00:00
jax8484,2010-08-15 00:44:19+00:00
yoncesonce,2021-03-09 22:08:02+00:00
Scarlet84896228,2021-03-09 22:15:54+00:00
FionaEi,2021-03-07 14:31:41+00:00
KaylaMc06040961,2021-03-09 22:16:31+00:00
ammar_huzaifah7,2021-03-09 22:15:10+00:00
_Shisukon,2021-03-09 20:21:57+00:00
Beatrix993,2021-03-09 22:12:59+00:00
AmalhyaAnna,2021-03-09 22:11:54+00:00
Zami20698692,2021-03-09 22:06:37+00:00
berkaygeyik16,2017-08-18 12:40:53+00:00
GabrielGarcs10,2021-03-09 21:33:27+00:00
JulianakindC,2021-03-09 22:04:38+00:00
THOMASS89929296,2021-03-09 22:05:06+00:00
RayonnahE,2021-03-09 11:21:46+00:00
Carogonzales013,2020-07-28 18:44:00+00:00
bur_kem,2021-03-06 04:44:08+00:00
EdyTorres,2009-08-11 03:09:08+00:00
sicilianozo,2019-09-19 18:51:02+00:00
Zaza47629102,2021-03-09 22:00:52+00:00
DanielM63481169,2021-03-09 22:12:01+00:00
SWDigitalCards,2021-03-05 19:02:07+00:00
Kary68267217,2021-03-09 21:58:19+00:00
bselwitzyt,2021-03-09 21:59:36+00:00
L36nzzzzzzz,2021-03-09 22:07:18+00:00
Mohamed26901774,2021-03-09 22:01:09+00:00
Haylee10357786,2021-03-09 22:09:29+00:00
BigFeeligs,2021-03-09 21:47:45+00:00
Bethan137,2017-03-31 19:45:01+00:00
YourFri96180646,2021-03-09 22:05:57+00:00
yarmaris2,2021-01-21 00:21:45+00:00
Maicol29562484,2021-03-09 22:07:28+00:00
pleasehelp_87,2021-03-09 22:01:15+00:00
EmmaLac32119037,2021-03-09 21:55:14+00:00
Cecilia66905440,2021-03-09 21:44:23+00:00
melodym1620,2021-03-09 22:02:31+00:00
micha01010256,2021-03-09 22:06:01+00:00
Mihenry67,2013-12-18 05:44:44+00:00
paytoncieslak,2020-02-27 01:40:04+00:00
Jessica04224009,2021-03-09 22:07:06+00:00
Aaron15963146,2021-03-09 21:59:28+00:00
DaraghCasey4,2021-03-09 22:07:52+00:00
deborathecrazy,2021-03-06 12:42:51+00:00
ParkMimin14,2020-11-05 18:35:36+00:00
Julian82441017,2021-03-09 22:02:10+00:00
Jonatha21995038,2021-03-09 22:02:35+00:00
andcarvalho05,2017-07-01 12:47:38+00:00
basia_boo,2021-03-09 22:03:45+00:00
ArthurD66428088,2021-03-09 19:19:36+00:00
Annaaxbananaaa,2021-03-09 22:00:26+00:00
AshantiSandova6,2021-03-09 22:01:48+00:00
SeanDoig2,2021-03-09 21:36:26+00:00
koolaidman15437,2021-03-09 22:03:43+00:00
Punisher6972,2021-03-09 21:59:48+00:00
Martyna82677273,2021-03-09 22:02:24+00:00
devcarm,2021-03-09 21:44:51+00:00
EdwinlxXl,2020-03-11 20:26:46+00:00
PaolaRi29879795,2021-03-08 06:16:50+00:00
jonathamaximoff,2021-03-09 21:59:08+00:00
Ahmedfaridvc,2010-05-07 20:24:12+00:00
UU2a2eKdXhFftdJ,2021-03-09 21:39:01+00:00
Mony1664151613,2021-03-09 21:54:56+00:00
Blayden19307600,2021-03-09 22:02:43+00:00
aurora_casati,2021-03-09 21:58:26+00:00
VihCortez06,2021-03-09 21:57:20+00:00
Genieva46460337,2021-03-09 21:56:06+00:00
teriitepo,2021-03-09 22:00:29+00:00
mati87942661,2020-05-03 12:43:00+00:00
JackDougan2001,2017-11-08 18:34:34+00:00
CjLomot,2021-02-25 18:54:21+00:00
sebita0039,2016-12-06 01:02:11+00:00
qTjR6,2020-07-18 16:11:56+00:00
Western777_,2021-03-09 21:47:16+00:00
MoOnaSeoOane,2010-01-28 04:34:29+00:00
oliviasunlove,2021-03-06 09:49:20+00:00
FConceicao45,2016-12-05 21:26:17+00:00
Alejand71548748,2021-03-09 21:52:20+00:00
AddaBetancourt,2021-03-09 21:55:40+00:00
Cristal42557256,2021-03-09 21:54:36+00:00
maf083,2020-10-21 23:08:18+00:00
MartinaAgathaV1,2021-03-09 21:53:07+00:00
aimee_387,2021-03-09 20:53:27+00:00
Jackson95480148,2021-03-09 21:57:08+00:00
TheBenjiBlock,2021-03-05 16:43:10+00:00
idkwinxclub,2021-03-09 21:57:55+00:00
officialadamdow,2021-03-09 21:56:11+00:00
_HARRY_RONY_,2021-03-09 21:50:40+00:00
JoshuaVirgin4,2021-03-09 21:55:45+00:00
MadisynChandle3,2021-03-09 21:55:50+00:00
Jupiter3313,2020-07-09 01:58:12+00:00
CasJeymmy,2016-01-28 13:04:46+00:00
joelhamenda,2016-11-29 15:00:14+00:00
thegentlelynx,2008-12-18 00:03:28+00:00
Mirna65450247,2021-01-06 20:41:17+00:00
Corona51130999,2021-03-09 21:49:10+00:00
MrsToretto1327,2017-08-13 02:23:57+00:00
Gamer_life312,2021-03-09 21:48:48+00:00
josi13563538,2021-03-09 05:26:39+00:00
DeuxExMachina15,2021-03-09 17:47:04+00:00
AbdullahKhamai1,2021-03-09 21:51:31+00:00
jan_cassar,2021-03-09 21:40:18+00:00
Iamdovelie1,2021-03-09 21:52:02+00:00
ladybugdreams,2008-10-18 14:08:51+00:00
Jordansmom94,2009-03-27 02:24:27+00:00
jasonshao_hk,2020-10-11 01:05:17+00:00
Ella06200247,2021-03-09 21:47:54+00:00
Inbounds__,2019-08-18 17:30:58+00:00
Esther63055334,2021-03-09 21:52:28+00:00
rubenareinmao27,2021-03-09 21:46:42+00:00
RodrigoMedinaS9,2021-03-09 21:39:35+00:00
BTSWorl14824838,2021-03-08 15:28:23+00:00
dhinush07,2021-03-09 21:43:09+00:00
MadelineBalde11,2021-03-09 21:30:56+00:00
Alberto82901931,2021-03-09 21:39:17+00:00
Brandoan,2017-12-20 03:39:05+00:00
madjoker94,2016-11-28 23:29:35+00:00
timothysweeney,2009-01-18 02:54:26+00:00
AndresM07228784,2021-03-09 21:42:13+00:00
unitedshakers,2021-03-09 21:43:13+00:00
akif_erdemir,2019-01-25 16:08:11+00:00
Guilher58185268,2021-03-09 21:43:01+00:00
LeraAlan,2012-11-10 21:59:32+00:00
caicaiyen,2012-08-22 19:29:18+00:00
TheReaIFrostz,2021-02-22 23:45:02+00:00
Joshua28050112,2021-02-03 17:33:27+00:00
cmcreggs,2021-03-09 20:46:59+00:00
eylulnazarslan,2020-12-20 20:38:17+00:00
josue_letelier,2021-02-22 12:01:37+00:00
dea_giu,2017-02-12 20:20:57+00:00
realsteppadevo,2016-07-09 14:14:58+00:00
Erickgg6D,2021-03-09 21:31:09+00:00
Zaileen17,2021-03-09 21:41:44+00:00
4ever_aria,2021-03-09 21:37:26+00:00
baileywood08,2021-03-09 21:37:38+00:00
LeahvJones94,2020-05-07 17:06:23+00:00
eu_mariitavares,2014-09-11 14:24:26+00:00
SweetMe04354483,2021-03-09 21:39:08+00:00
jkjk_jb,2019-12-29 07:23:32+00:00
gerren_downing,2021-03-09 21:39:05+00:00
dmzabala9,2012-08-29 03:24:28+00:00
VanegasSaldana,2019-11-30 02:36:35+00:00
naked_pops26,2020-09-21 14:19:52+00:00
diego72278066,2021-03-09 21:39:55+00:00
AlisWorldOf,2021-03-09 21:43:47+00:00
Charlot21696596,2021-03-09 21:41:37+00:00
Mariamb90208507,2021-01-28 16:45:10+00:00
roch_paco,2021-03-09 21:37:12+00:00
Narutootaku20,2021-03-09 21:43:40+00:00
theDaniDahl,2021-03-09 21:41:55+00:00
AliviaB34,2021-03-09 19:43:59+00:00
M_cookie72,2021-03-09 21:19:09+00:00
KoulkoulB,2021-03-09 21:32:32+00:00
TodaysHealthSci,2020-12-15 14:53:10+00:00
Emilian25705020,2021-03-09 21:28:13+00:00
carlbletta,2021-03-09 21:39:14+00:00
ale49880179,2021-03-09 21:24:37+00:00
RosemaryDeCamp3,2021-03-09 21:37:31+00:00
yungballerT2237,2021-03-09 21:40:47+00:00
Knull16TheVoid,2020-12-30 16:17:39+00:00
FasSa86726540,2021-03-09 21:34:07+00:00
EmmaDay60038400,2021-03-09 21:40:25+00:00
BriannOrnelas,2021-03-09 21:36:16+00:00
akajeize,2020-03-28 09:10:47+00:00
Juliana83942103,2021-03-09 21:32:22+00:00
NelsonM41020141,2021-03-07 19:04:51+00:00
leyshka43496792,2021-03-09 21:21:20+00:00
Cris_Castle16,2015-05-18 07:57:25+00:00
Aimee11172451,2021-03-09 19:58:43+00:00
Nicky05128682,2021-03-09 18:50:35+00:00
Amahriv1,2021-03-09 21:28:46+00:00
Gustavo96807756,2021-02-24 02:12:23+00:00
Karlos57592896,2020-07-24 01:01:00+00:00
StevePo17061076,2021-03-09 21:12:15+00:00
Gok202005,2019-10-14 19:40:08+00:00
AllmerJonathan,2021-03-09 21:33:40+00:00
ScottYoungs1,2021-03-09 21:22:55+00:00
jmcdonald220,2015-01-21 00:21:35+00:00
MiriamG97038628,2021-03-09 21:19:10+00:00
trkrmy_a,2018-09-29 20:37:15+00:00
mlk17xxpp,2018-11-07 03:07:51+00:00
Efe08647699,2021-03-09 21:34:00+00:00
davearies_,2012-12-03 20:58:12+00:00
KiannaM26551538,2021-03-09 21:28:30+00:00
arregui_simon,2021-03-09 21:27:38+00:00
YaimaVictor,2021-03-09 21:29:47+00:00
joshi83564457,2021-02-26 19:19:26+00:00
JavierR51698433,2021-03-09 21:31:00+00:00
Fernand15599492,2021-03-09 21:25:58+00:00
hhYaSlKo4AAwlXY,2017-03-20 05:12:37+00:00
0kmills,2021-02-24 13:07:23+00:00
wtf_raymere,2021-02-14 20:07:54+00:00
Hilda88758058,2020-05-19 18:16:39+00:00
Lol65046812,2021-03-09 21:26:45+00:00
fknflynn,2014-09-18 01:02:00+00:00
guimouraofc_,2020-02-26 13:58:25+00:00
ClaudiaRebecch3,2021-03-09 21:30:21+00:00
ashleybygrace,2021-02-27 23:52:36+00:00
INIatali,2009-12-02 15:38:52+00:00
AdestineEdie,2021-03-09 21:30:49+00:00
bronwynkate,2011-04-09 01:38:31+00:00
wikt0riaw9,2021-01-01 12:33:46+00:00
rafael010987,2018-02-15 02:05:13+00:00
Nicol07674338,2021-03-09 21:16:46+00:00
Ashmohan_4u,2017-03-03 20:32:11+00:00
AKATSUK85095662,2021-03-09 21:25:34+00:00
dafne27203773,2021-03-09 21:25:25+00:00
2603_gab,2021-03-09 21:05:10+00:00
MickeyJoystiqs,2021-03-09 21:15:28+00:00
W_Shadow_TV,2021-03-09 01:06:36+00:00
Sandra_izq4,2020-04-02 18:43:59+00:00
jonnyWATP55,2021-03-09 21:24:42+00:00
kusukaalpukat,2020-11-11 02:45:13+00:00
thequakesociety,2013-07-26 17:05:03+00:00
B91171687,2021-03-09 21:21:48+00:00
julian_suaterna,2021-01-29 23:22:11+00:00
Martins75955590,2021-03-05 01:32:51+00:00
i___alexandre,2021-03-09 19:15:42+00:00
Brotha_Corey,2013-03-05 14:25:37+00:00
kenzie_south,2021-03-09 20:59:27+00:00
Cesar5ED,2021-03-09 21:18:35+00:00
Izzy_squirrel,2019-11-27 21:06:46+00:00
CmtSack,2020-11-10 21:05:55+00:00
midnightshada,2021-03-09 21:23:56+00:00
Mikaela71765772,2021-03-09 21:24:40+00:00
KevinNavasCarr1,2021-03-09 21:20:32+00:00
anne_m_small,2021-03-09 21:19:48+00:00
Cam05188164,2021-03-09 21:19:16+00:00
angel11282479,2021-03-09 21:21:41+00:00
SylainLe,2014-11-21 11:38:01+00:00
MiaTalamante,2021-03-09 21:22:15+00:00
Schiettekatteg2,2020-06-20 20:09:00+00:00
EnergyHero5,2021-03-09 21:15:32+00:00
Scal_N4,2021-03-09 21:14:00+00:00
Oswald743,2018-02-08 03:03:26+00:00
Jessica18788019,2019-05-16 14:49:02+00:00
Amy13211972,2020-06-22 21:43:50+00:00
Eduardo23156138,2021-03-09 21:19:34+00:00
CenCom,2008-12-12 18:53:48+00:00
mierdismix,2021-03-01 20:40:45+00:00
Sassou92859623,2021-03-09 20:10:10+00:00
pammiid80,2009-03-12 19:37:51+00:00
GarritasB6,2021-03-09 21:10:46+00:00
parnavellis,2021-02-28 19:17:02+00:00
JackM0511,2020-01-27 22:18:36+00:00
cutie17583744,2021-03-09 21:20:28+00:00
andy23chiefs,2021-03-09 20:47:52+00:00
asja56662911,2021-03-09 21:18:38+00:00
LaloH27860505,2021-03-09 05:30:32+00:00
GodfreyShango,2021-03-06 20:36:27+00:00
BROOKLYNNNDAWNN,2021-03-09 20:49:59+00:00
RodrigoMares17,2018-05-13 19:03:08+00:00
Anna28126475,2021-03-09 21:19:05+00:00
Pierredecarval3,2021-03-09 21:16:23+00:00
weebnearby,2021-01-30 14:40:31+00:00
xxxangelicaxxxi,2020-03-20 22:06:00+00:00
ecegzgnci_,2021-03-09 16:16:23+00:00
KjMlady,2020-05-07 05:35:08+00:00
Austin98185334,2021-03-09 21:07:35+00:00
lexiiimariee2,2020-12-11 23:47:44+00:00
quim3y3,2021-03-09 21:06:25+00:00
YahyaZehri3,2021-03-01 19:10:18+00:00
wagner_bsantos,2021-03-09 21:13:26+00:00
SoaresLeroy,2021-03-09 21:05:18+00:00
Dalia63476274,2021-03-09 21:05:26+00:00
JoeDiBiase5,2021-03-09 21:00:59+00:00
Leyna03917910,2021-03-09 21:12:33+00:00
Raulisl10107786,2021-02-14 01:55:06+00:00
Valerie74242001,2021-03-09 20:56:17+00:00
andrea_rabai,2020-06-29 20:26:10+00:00
420StarLord,2021-03-08 04:55:27+00:00
JURHIGHNESS_,2018-01-30 11:43:21+00:00
BradenM53022759,2021-03-09 21:12:42+00:00
Casandr42162255,2021-03-09 20:55:18+00:00
Theg74356515,2021-03-09 21:07:49+00:00
BJPalmer58,2017-04-15 18:42:40+00:00
madpsycholove,2019-01-05 04:28:59+00:00
ThaillyneVitri1,2021-03-09 21:09:39+00:00
nat36257392,2021-03-09 21:12:40+00:00
Thebambino64,2009-09-11 01:20:04+00:00
morales_uly,2021-03-09 21:04:27+00:00
HanColbourne,2013-10-14 14:49:19+00:00
Mike24338526,2021-03-09 21:12:10+00:00
jazmyn_hancock,2019-07-14 22:19:33+00:00
Floyd29436024,2021-03-09 21:08:36+00:00
JRPGVerse__,2021-03-09 20:58:17+00:00
MrsAmoah2,2020-09-18 00:28:33+00:00
Anthony31015491,2021-03-05 02:07:39+00:00
jermika_neston,2017-05-18 20:02:28+00:00
Galladegamer47,2016-12-27 18:37:36+00:00
JohnBai01779719,2021-03-09 21:04:32+00:00
javierB23842808,2020-06-27 21:46:58+00:00
JanJanuary12,2021-01-11 18:03:15+00:00
JasonSi56924627,2021-03-09 17:38:16+00:00
cesar51729572,2021-03-09 21:09:32+00:00
Astrid57665144,2021-03-09 21:04:36+00:00
TheReal80349712,2021-03-09 20:59:40+00:00
JourdanOrianne,2021-03-09 21:10:13+00:00
Carolyn00619458,2021-03-09 20:55:10+00:00
RitterJace,2021-03-09 20:59:16+00:00
Santiag86644151,2021-03-09 21:05:00+00:00
Nicolly94850481,2021-03-09 20:59:31+00:00
AbangSabil,2020-07-04 09:40:11+00:00
Uyi74123320,2019-08-04 03:47:44+00:00
kartoflesaspoko,2018-01-04 19:57:58+00:00
cristy_semini,2017-03-22 20:45:31+00:00
Mohamed66508050,2021-03-09 20:36:56+00:00
gtursi07,2021-03-09 21:08:54+00:00
EsaMunguaRamre1,2021-03-09 08:17:54+00:00
Rafael56710680,2021-03-07 23:40:05+00:00
NatlovesWanda,2021-02-27 22:10:46+00:00
Agnes80074244,2020-10-31 01:46:51+00:00
xx_echox,2021-03-09 21:00:49+00:00
ColePot02137982,2021-03-09 21:06:00+00:00
Gabriel73217322,2021-03-09 21:03:57+00:00
D54320815,2021-02-12 19:17:15+00:00
VictorG45660595,2020-09-26 00:51:07+00:00
JJ92668488,2021-03-09 20:35:52+00:00
EvaBloom19,2021-03-09 21:03:54+00:00
lisa82walker,2016-07-27 17:19:26+00:00
Loany68869896,2021-03-09 20:58:13+00:00
XVSSJwH9KCJF2L2,2021-03-09 20:59:19+00:00
ShreyashaBaner1,2021-03-09 21:02:41+00:00
CaseyKemiyah,2021-03-09 21:02:26+00:00
LaporteMartin1,2021-03-09 21:03:48+00:00
GenevaT46298877,2021-03-09 21:01:04+00:00
jordan22137652,2021-03-09 20:54:27+00:00
pip_girl_3000,2015-06-19 14:55:12+00:00
harryjcrowley,2019-03-26 01:23:51+00:00
LizeRigo,2021-03-09 20:59:26+00:00
CTojim,2021-03-09 20:56:00+00:00
jurmm2,2020-08-24 20:15:41+00:00
eveliencastele1,2016-01-11 20:27:41+00:00
JonathanRebol,2018-02-06 00:01:16+00:00
SammySalinas931,2021-03-09 20:54:37+00:00
Marcc_Castro,2018-12-11 04:31:44+00:00
excyam,2018-05-09 14:32:11+00:00
thebigphile,2009-07-06 14:07:32+00:00
dilianxsa,2021-03-09 20:55:17+00:00
shawnwest19,2021-03-08 18:24:58+00:00
ChocobarAnto,2021-03-09 20:57:20+00:00
k_say45,2021-03-09 20:51:36+00:00
perlasu31734078,2021-03-09 20:50:09+00:00
safi_trini93,2016-05-21 16:38:53+00:00
Fercolas1,2021-03-09 20:55:59+00:00
SravyaVasa,2021-03-09 20:54:39+00:00
jayde08210127,2021-03-09 20:59:08+00:00
Sga34406955,2021-03-07 02:11:07+00:00
IsabellaChaire2,2021-03-09 20:39:24+00:00
NoboaAlegria,2021-03-09 20:56:27+00:00
ByersMaximoff,2021-03-09 20:57:44+00:00
Ellawilson64,2021-03-09 20:56:56+00:00
Bridget67427496,2021-03-09 20:48:54+00:00
mona_mendes1998,2016-07-07 11:05:00+00:00
robinsgf1,2017-11-22 21:03:49+00:00
BrohierJayden,2021-03-09 20:53:40+00:00
Dasha93690336,2021-03-09 20:57:04+00:00
Katie64262991,2021-03-09 20:54:04+00:00
VictorManuelGC9,2021-03-09 20:52:03+00:00
AdriPtk,2013-08-06 20:31:07+00:00
itstrinitylmao,2021-03-09 20:53:02+00:00
Batman19772093,2021-03-09 20:54:31+00:00
AlvaroA13274445,2021-03-09 20:48:39+00:00
talbert_connie,2021-03-09 20:36:52+00:00
CarlosR10204501,2021-03-09 20:52:29+00:00
4Tonbis,2021-03-09 20:55:00+00:00
imkaylagarcia,2017-06-19 06:13:50+00:00
EstevamJhon,2021-03-09 20:51:14+00:00
MargaritaGurum2,2021-02-06 23:49:01+00:00
EnzoMiazza,2021-03-09 20:47:40+00:00
rhbatwon,2021-03-09 20:48:47+00:00
AntiShehates,2021-03-09 20:53:11+00:00
DanielGenuino3,2020-08-23 21:57:04+00:00
Cailin21438442,2021-03-09 20:49:40+00:00
Ricardo35343442,2021-03-09 20:49:09+00:00
WieselHd,2018-06-24 17:25:20+00:00
nahomiperez109,2018-02-03 05:54:06+00:00
JavierNiebla6,2020-11-05 03:10:23+00:00
renatosilva1510,2014-01-12 19:45:55+00:00
PasquitaPicerno,2021-03-09 20:49:10+00:00
TorresLacson,2021-02-28 05:42:58+00:00
NAlvarey,2021-03-09 20:45:10+00:00
Mariam29964864,2021-03-09 20:43:09+00:00
88_verito,2011-11-02 01:40:52+00:00
gsk1957,2010-07-01 12:37:09+00:00
Nialldonoghue1,2016-08-27 14:34:00+00:00
IsnelMendez,2021-03-09 20:47:57+00:00
Nick90471405,2019-08-28 20:58:22+00:00
SsenkeziM,2018-12-15 22:11:04+00:00
5696singer,2011-01-11 07:02:13+00:00
LeoMass95916596,2021-03-09 20:37:44+00:00
Colemehr1,2021-03-09 20:45:04+00:00
yousefjaabari,2019-04-12 12:31:11+00:00
SoberonAlberto,2019-07-17 05:06:00+00:00
Lavinia14290605,2021-03-09 19:57:47+00:00
WMamms,2018-12-23 12:24:18+00:00
Yannaki3,2021-03-09 20:41:06+00:00
DavidRHartmann,2013-10-27 23:18:52+00:00
SimoneC22487616,2021-03-09 20:39:53+00:00
MarkSav2501,2021-03-09 20:37:07+00:00
AlyssaC53204756,2021-03-09 20:17:20+00:00
Praiz95190839,2021-03-02 23:36:23+00:00
GodoyPinto89,2021-03-09 19:52:57+00:00
thepopcornpause,2021-03-09 20:41:00+00:00
BeverleyAnnCla1,2020-02-17 02:58:55+00:00
Sally092074,2020-02-06 00:07:02+00:00
Samuel96810142,2021-03-09 20:40:37+00:00
susanp1984,2017-10-09 02:32:45+00:00
Kristel4022,2020-06-13 01:13:18+00:00
Jaqueli58783362,2021-03-09 20:37:40+00:00
RLank5,2021-03-09 20:30:09+00:00
Enginnokur,2014-07-30 18:42:10+00:00
ConstanzaPazBu1,2019-10-15 20:48:25+00:00
Guzman63184066,2021-03-09 20:41:11+00:00
Darkpri24236920,2020-07-26 07:59:34+00:00
fern83231879,2021-03-09 20:38:08+00:00
AndreaE62951747,2021-03-09 20:35:08+00:00
Raky75049962,2021-03-09 20:18:03+00:00
TristonWallace7,2021-03-09 20:40:41+00:00
tootsiemr2,2016-08-01 20:51:48+00:00
Sweetdreamer432,2021-03-05 06:47:38+00:00
HewlettAedan,2021-03-09 20:35:54+00:00
sowmya_Jegann,2020-11-29 18:08:53+00:00
Kayo14252692,2021-03-01 20:13:50+00:00
LaBrujaFashion,2021-03-09 20:39:47+00:00
ShawnWick16,2021-03-09 20:35:06+00:00
linday_cespedes,2021-03-09 20:34:01+00:00
JanelaJimnez2,2021-03-09 20:33:57+00:00
GiannaMarcelli1,2021-03-09 20:40:24+00:00
JuanCar79459479,2021-03-09 20:21:36+00:00
perropelotudo2,2021-03-09 20:35:22+00:00
StefanIosif,2021-03-09 20:38:24+00:00
Samuel43039579,2021-03-06 23:38:43+00:00
Franco61184507,2021-02-08 18:55:27+00:00
Angie62811413,2021-03-09 19:10:30+00:00
Daniel24930786,2021-03-09 20:37:37+00:00
Sharon74194300,2017-12-21 03:42:48+00:00
Valeria90160862,2021-03-09 20:30:31+00:00
BFosa00,2019-10-06 09:49:11+00:00
cyerosis,2021-03-09 20:31:27+00:00
Cardos0pe,2018-10-12 15:25:44+00:00
fanto_,2009-01-18 22:14:05+00:00
lachicasinergia,2021-03-09 20:23:51+00:00
SBronsted,2011-05-26 22:09:49+00:00
ruiz2727,2021-03-09 20:32:52+00:00
WilsonLloyd7,2021-01-19 08:03:36+00:00
lgloyne3,2011-08-09 16:15:42+00:00
TheCaseyMonster,2011-05-21 05:33:31+00:00
silvermovie10,2012-11-05 20:56:18+00:00
tylappy,2012-10-24 05:23:26+00:00
rebma19229372,2021-03-09 20:30:39+00:00
Wizardstorm041,2021-03-09 20:32:51+00:00
Simgelove1,2021-01-11 16:26:23+00:00
house_sledge,2021-03-09 20:33:49+00:00
ConanLloyd,2021-03-09 16:09:54+00:00
Bilbowar,2009-07-22 20:04:43+00:00
JohnSpirou2,2021-03-09 19:54:14+00:00
Joodds1,2021-03-09 20:34:07+00:00
Asta7089,2021-03-09 20:31:25+00:00
Bananababybitch,2012-09-15 00:16:50+00:00
vinnie_vici,2009-04-09 22:41:06+00:00
CaloiroMercedes,2021-03-09 20:11:22+00:00
shanny_amenia_,2021-03-09 15:55:54+00:00
Sabry15314399,2021-03-09 20:23:16+00:00
ElenaBe48452270,2021-03-09 20:19:08+00:00
YaritzaAEZ2,2021-03-09 20:15:11+00:00
oliver09675681,2021-03-09 20:27:52+00:00
Honey44245416,2021-03-09 19:37:30+00:00
allenro86025821,2014-08-30 04:05:51+00:00
Michell45042686,2021-03-09 20:20:11+00:00
Emma36859533,2021-03-09 20:30:02+00:00
BehelerAmber,2021-03-09 20:29:02+00:00
BigduThe,2021-03-09 20:15:37+00:00
bogaloosam,2009-05-20 11:40:32+00:00
DonaldFrawner,2021-03-09 20:24:20+00:00
PraiseSmokey,2021-03-09 19:27:40+00:00
RobTrigg3,2019-09-30 06:56:03+00:00
ThaisBragana2,2021-03-09 14:17:46+00:00
Chloe_x2108,2021-03-09 20:21:26+00:00
IlariaPiccolo9,2021-03-09 20:25:19+00:00
chimmimii_,2012-09-29 10:50:24+00:00
Iuvhiro,2021-01-12 16:47:22+00:00
doncorleone_78,2021-03-08 00:23:36+00:00
LovesSuhhtorii,2016-08-06 16:44:52+00:00
LauraMignot8,2021-03-09 20:25:59+00:00
SamuelM69187622,2021-03-09 15:51:45+00:00
Brankim18186049,2021-02-17 12:55:33+00:00
kashmaa2,2021-03-09 20:19:26+00:00
JAB1015,2010-10-18 14:40:10+00:00
IanLitt14036593,2021-03-09 20:24:10+00:00
keilari13234057,2021-03-09 02:40:44+00:00
ATCFanJamesM,2016-08-14 08:09:20+00:00
Laura53606816,2021-03-09 20:20:16+00:00
Ryan83672775,2021-03-09 20:19:45+00:00
dany_cubes,2021-03-09 20:17:21+00:00
Valeria76083818,2021-03-09 20:23:52+00:00
LaiseReis5,2021-03-09 20:16:54+00:00
luizcamacho13,2020-09-13 13:56:18+00:00
SilverE43489687,2021-03-09 17:08:13+00:00
Nippuruboi,2017-11-24 05:01:39+00:00
Ashen65,2014-07-20 07:02:27+00:00
Pichonillo007,2019-08-24 23:35:04+00:00
Leon27339705,2021-03-09 20:22:25+00:00
alexthedumbbabe,2021-03-09 20:17:56+00:00
zwacka1,2021-03-09 20:10:09+00:00
GiadaCalabrese5,2019-11-06 14:37:31+00:00
KENKNEA,2021-01-14 02:29:23+00:00
Victor_16___,2021-03-09 19:05:42+00:00
oliver69617325,2021-03-09 20:22:21+00:00
BEnsaztiga,2021-03-09 20:20:19+00:00
ahsansh67789024,2021-03-09 20:16:07+00:00
NailGurlComics,2016-06-28 21:36:18+00:00
Barret98983913,2021-03-09 20:15:29+00:00
risingrevan77,2016-04-08 07:46:27+00:00
Lyni76277555,2021-03-09 20:18:01+00:00
MnicaMelara1,2021-01-28 16:32:33+00:00
Gio41001262,2021-03-09 20:15:56+00:00
Nicolas88860189,2021-03-09 20:11:34+00:00
charamsey2,2019-08-21 06:09:18+00:00
EricSalt8,2021-03-09 20:13:42+00:00
KaturiGTP,2018-11-27 04:36:07+00:00
VCaesar70,2020-07-09 19:21:55+00:00
lucidexist,2021-03-09 20:18:07+00:00
daniel31556060,2021-03-09 20:14:44+00:00
OreillyEmerson,2021-03-09 20:17:55+00:00
Dylan90797872,2021-03-09 20:08:38+00:00
Jeremia74971287,2021-03-09 20:10:03+00:00
metcoofer,2021-03-09 19:55:40+00:00
Fiona04259497,2021-03-09 20:14:28+00:00
Bother_Me_Pls,2014-12-24 21:02:50+00:00
Aziah39695750,2021-03-09 20:14:32+00:00
savabain,2020-07-06 16:30:25+00:00
SaldanaNikolas,2014-02-14 05:22:20+00:00
EbereJacinta5,2020-12-26 14:50:56+00:00
manuel45465914,2021-03-09 20:10:19+00:00
InesAinouz,2021-03-09 20:13:26+00:00
JeSappe63742478,2020-09-20 20:00:17+00:00
FRANGEOR54,2010-07-10 11:14:06+00:00
Francol22653761,2021-02-27 12:27:34+00:00
Naths08,2017-08-06 09:08:56+00:00
Riven37193462,2021-03-09 20:15:11+00:00
CadeGarrison3,2021-03-09 20:05:50+00:00
Anastasia_Topa,2021-03-09 20:08:01+00:00
Archey_the_cat,2011-08-12 19:37:53+00:00
maman16832539,2021-03-09 20:01:28+00:00
alphabetboy1604,2021-03-09 19:51:20+00:00
Jeromewhyte5,2021-03-09 20:10:25+00:00
reenamadlani,2009-11-05 11:11:51+00:00
magaly70624608,2021-03-09 20:01:14+00:00
ultimate811,2009-06-22 13:08:24+00:00
Basiiey11,2021-03-09 19:41:03+00:00
Brometheus15,2020-11-27 02:30:22+00:00
elchamacos,2021-03-09 20:06:37+00:00
Hass669,2009-10-14 19:49:10+00:00
Rico_Carny,2010-07-07 21:40:35+00:00
z3b13t,2020-10-11 19:22:36+00:00
RandalinShaffer,2021-03-08 19:39:12+00:00
Harley43263075,2021-03-09 20:09:06+00:00
SofBxby,2021-03-09 19:03:18+00:00
davies_brandon2,2018-07-21 16:17:30+00:00
Gabriel41273666,2021-03-09 19:58:50+00:00
Oscar_Segovia02,2021-03-09 16:17:58+00:00
Lena59564223,2021-03-09 19:59:16+00:00
Adriana18920959,2021-03-09 11:05:09+00:00
EaslerDex,2021-03-09 19:56:57+00:00
Arielly01778812,2020-12-01 22:46:16+00:00
JacobLa26532235,2021-03-09 20:04:25+00:00
Chas857575,2012-03-23 12:49:03+00:00
maxi04625724,2020-04-11 20:10:35+00:00
wolf_celest,2021-03-09 19:56:08+00:00
Kojo31587682,2020-09-22 21:29:20+00:00
TXdisfan,2021-03-09 19:49:25+00:00
DarlingtonGemma,2021-03-09 20:02:58+00:00
MCADisney,2015-07-20 19:59:39+00:00
izhir_allen,2014-05-03 16:12:03+00:00
Sara2216413490,2021-03-09 16:02:52+00:00
yosoy_kira,2010-09-08 17:19:54+00:00
CPsTfXz8HzWTMZn,2020-12-05 15:12:47+00:00
GlennWi22890009,2020-08-12 19:37:32+00:00
XheartlessOneX,2012-07-29 14:40:46+00:00
ChikateTanvi,2021-03-09 19:57:30+00:00
rage71733087,2021-03-09 20:01:38+00:00
Jordan02534881,2021-03-09 19:57:51+00:00
Carlos97773681,2019-08-18 01:34:49+00:00
Mat98Who,2020-07-27 08:50:32+00:00
JisrealK,2021-03-09 19:58:34+00:00
KeithGo79222597,2021-03-09 16:26:00+00:00
thsantos1,2010-08-18 18:11:21+00:00
Trisha53988637,2021-03-09 19:50:58+00:00
PaolaGa42841900,2021-03-09 19:57:30+00:00
Suleima42773381,2018-02-11 14:57:04+00:00
travi44,2009-07-06 14:45:06+00:00
ChalfbloodNikki,2021-03-09 19:44:58+00:00
MahVontade,2021-03-09 19:47:58+00:00
JakieVision,2021-03-09 19:40:23+00:00
TasoulaMahomie,2014-08-13 19:38:18+00:00
Le70106907,2021-03-09 19:58:32+00:00
Dexxel6976,2010-03-01 02:11:41+00:00
Paula03822340,2021-03-04 15:26:33+00:00
papawww_,2012-02-19 02:22:01+00:00
Nikolof04,2020-02-16 19:23:18+00:00
jozanecka,2021-03-09 19:50:29+00:00
mikaela60694577,2021-03-09 19:52:45+00:00
t55964749,2021-03-09 19:56:14+00:00
sciguy919,2013-08-20 22:27:49+00:00
LaweduaMels,2021-03-09 19:13:03+00:00
Ericsalt7,2021-03-09 19:52:40+00:00
Daniell84399265,2021-01-23 17:00:47+00:00
Queen52758471,2021-03-09 19:53:36+00:00
CruzVel36982297,2021-03-09 19:25:22+00:00
SMALLFLASH45,2020-06-01 02:20:55+00:00
KristaWise77,2017-09-25 21:20:06+00:00
denhsuarez,2019-03-30 02:22:18+00:00
Dylan14208312,2021-03-09 19:51:33+00:00
HawleysFreckle,2021-03-09 19:00:50+00:00
TheHannaeSantos,2021-02-10 19:54:54+00:00
JulioCe75125008,2021-02-27 00:50:08+00:00
KingOftheGrumps,2021-03-09 18:14:44+00:00
LuisErn35288228,2021-03-09 19:49:12+00:00
kayA01341400,2021-01-12 02:39:17+00:00
killtex254,2021-03-09 19:35:35+00:00
UjoProd,2021-03-09 19:47:54+00:00
megget89,2013-11-26 04:03:34+00:00
SamZerr07,2015-08-10 08:11:44+00:00
YoungbloodJalee,2021-03-09 19:38:51+00:00
soap39288055,2021-03-09 19:44:27+00:00
Disael3,2021-02-21 06:14:42+00:00
dachiso27,2010-07-22 19:49:15+00:00
Peterki16054636,2021-02-20 22:44:28+00:00
RenfertW,2019-07-08 17:17:40+00:00
InfieldMicah,2021-03-09 19:50:05+00:00
Laurieknis1,2016-12-31 21:32:09+00:00
Kryssw4m,2021-03-09 19:39:30+00:00
marlonpypers,2009-01-10 08:58:25+00:00
Daniel08797179,2020-12-08 20:37:12+00:00
CrystalRoseWhi1,2021-03-09 19:00:31+00:00
ely_uchiha1,2021-03-09 19:40:26+00:00
MatteoTrozzi1,2012-04-28 19:36:49+00:00
Alecrim51812150,2021-03-09 13:48:55+00:00
TonyzLaceriz,2010-11-15 21:59:54+00:00
GazingToTheMoon,2021-03-09 16:18:56+00:00
Bishop___92,2016-12-02 17:34:40+00:00
IlariaLiar,2020-05-05 17:10:47+00:00
Harry69361183,2021-03-09 19:44:04+00:00
cx0dPMmPw1v7kQ0,2021-03-09 19:43:02+00:00
Matthew07014208,2021-03-09 19:38:34+00:00
Cynthia68137740,2021-03-09 19:38:46+00:00
sasuke78170263,2021-03-06 18:22:22+00:00
chrisro29379132,2021-03-09 19:47:36+00:00
JohnybarboMc,2013-06-07 15:46:00+00:00
90sVintage3,2021-03-09 19:31:12+00:00
jesusan79424037,2021-03-08 22:29:03+00:00
evan34096617,2021-03-09 19:43:48+00:00
leegray89205044,2015-09-02 11:41:18+00:00
Hur1Ka1,2021-03-09 19:43:16+00:00
Diana96641242,2021-03-09 19:46:08+00:00
ReisCunha2,2021-03-09 00:52:09+00:00
JackMxrtinez,2020-05-25 00:51:43+00:00
baintobox,2021-03-09 19:39:54+00:00
ToddCarmichae12,2021-03-09 19:30:41+00:00
AndLightwolf,2021-03-09 19:42:09+00:00
DonnieLou5,2021-03-09 19:38:41+00:00
BetrayalCreated,2020-03-15 20:36:11+00:00
CFilmica,2021-03-09 19:41:19+00:00
ClydeCh28988368,2021-03-09 19:39:31+00:00
UsmanIr86452588,2021-03-09 19:39:53+00:00
CenicerosIsac,2021-03-09 18:59:23+00:00
TWGeeksDo,2020-09-03 21:11:05+00:00
JeffMos18904413,2021-03-09 19:34:26+00:00
Natasha93994953,2021-03-09 19:38:07+00:00
johnrei08869374,2021-03-09 19:27:46+00:00
Valeria54573715,2021-03-09 19:34:26+00:00
DanielA97674074,2021-03-09 19:36:22+00:00
InkTanational,2021-03-09 17:53:38+00:00
CloudboiSpence,2019-02-01 18:20:24+00:00
Valenti41064463,2021-03-09 19:29:19+00:00
emiy36337306,2020-02-01 02:48:56+00:00
lauren59935730,2021-03-02 10:54:31+00:00
CarlGerrard8,2021-03-09 19:36:17+00:00
salvado15200415,2021-03-09 19:33:43+00:00
Rareedejuan,2016-07-14 05:10:20+00:00
karlabelen066,2015-01-10 17:30:32+00:00
CS96743352,2021-03-09 00:06:39+00:00
AdrianaJungblu3,2021-03-09 19:39:18+00:00
PinzonXavi,2021-03-09 19:38:27+00:00
sea_mikey,2019-11-01 12:39:03+00:00
lj65278942,2021-03-09 19:40:17+00:00
NatalieArt28,2009-02-13 22:09:51+00:00
yellowhili,2021-03-09 19:32:21+00:00
mdsarli,2019-11-01 10:41:17+00:00
AnyiMartnez18,2021-03-09 18:51:17+00:00
petterboifot,2013-03-21 15:17:46+00:00
Naguix1,2020-05-06 22:12:40+00:00
Poppy40621892,2021-03-09 19:36:08+00:00
SandraW53116387,2021-03-09 19:26:40+00:00
AngelaF99584703,2021-03-09 19:10:46+00:00
EmilioH77795054,2021-03-09 19:36:35+00:00
BoueratE,2021-03-09 19:28:11+00:00
AimeeWi95478889,2021-03-09 19:38:00+00:00
ProdipKumarsin7,2021-03-09 19:31:15+00:00
sof_juarezz,2017-06-24 14:13:43+00:00
NaitMaqkaj4,2021-03-09 19:31:42+00:00
StephMacrae75,2014-02-09 21:32:15+00:00
DoctorDaviid,2016-05-17 17:02:25+00:00
PatrioticYankee,2012-04-23 02:01:55+00:00
Arulkumar2014,2015-09-05 17:36:30+00:00
GArpaillange,2015-03-19 16:07:11+00:00
HelgiGudmundss3,2021-03-09 19:26:13+00:00
Amirrez98746148,2021-02-05 16:22:54+00:00
aarseneau77,2015-05-14 01:33:45+00:00
CarlParkin8,2021-03-09 19:35:05+00:00
thegame22301067,2020-11-22 13:06:25+00:00
BoiNuggi,2021-03-09 19:35:11+00:00
DainiusJuodelis,2021-03-09 19:29:15+00:00
b_helenee,2018-07-02 10:27:42+00:00
_RamonGuerrero,2016-04-14 15:15:33+00:00
KatiaGabrielad1,2021-03-09 19:29:41+00:00
WendelBelo1,2021-03-09 19:34:01+00:00
Alejand28070873,2021-03-09 19:36:20+00:00
BrookDEEZnar,2020-06-08 21:54:01+00:00
AbrahamAlcnta12,2021-03-09 19:22:09+00:00
QuicksilverXme1,2021-03-09 19:21:46+00:00
JazzM99,2021-03-09 19:24:31+00:00
hahawoobanana,2021-03-09 19:28:43+00:00
MiaisabellaGalv,2018-06-21 07:37:30+00:00
WssHajar,2021-03-09 19:26:31+00:00
arpit600,2021-03-08 18:58:00+00:00
mccbernardoo,2021-03-04 15:45:04+00:00
Wn1kno,2019-10-12 20:56:37+00:00
TainMir10047688,2021-03-09 19:20:23+00:00
Mohamed00676298,2019-12-11 03:43:06+00:00
wyattba11432750,2021-03-09 19:32:36+00:00
VincentVazquez,2021-01-05 21:42:57+00:00
Ambie8706,2009-03-27 03:45:35+00:00
RafaelOrozcoPGE,2018-12-26 04:34:55+00:00
Zai41752326,2021-03-09 19:26:40+00:00
connor17970,2021-01-14 00:33:53+00:00
VMocelutu,2021-03-08 21:15:07+00:00
Esteban33789755,2021-03-09 19:23:42+00:00
QueenPeace,2009-03-14 16:13:21+00:00
Josue27514803,2021-03-09 19:23:38+00:00
Dankdoodle15,2021-03-09 19:30:27+00:00
ClintonSevenex,2021-03-09 19:25:21+00:00
Jane54422190,2020-06-02 06:43:18+00:00
catherinekw93,2021-03-09 19:24:56+00:00
firas60250996,2021-02-06 13:01:04+00:00
martystonks,2021-01-30 01:43:13+00:00
mwesten_,2020-04-24 14:25:46+00:00
Mariojuniorbezl,2020-11-17 00:16:14+00:00
AnfelNecib1,2021-03-09 19:28:19+00:00
Drk66759370,2021-03-09 02:23:06+00:00
JudithHough6,2021-03-09 19:15:54+00:00
LucyJ_Barnard,2021-02-22 08:37:43+00:00
guithosaul,2010-08-29 01:08:04+00:00
FranzKummer2,2021-03-09 19:26:21+00:00
AngelaM75506068,2021-03-09 19:27:02+00:00
Felipesss13,2021-03-09 19:17:47+00:00
JulieSa93303282,2021-03-09 19:16:33+00:00
reece05432229,2021-03-09 19:25:27+00:00
Alexis60617411,2021-03-09 19:28:29+00:00
levifalco3,2021-03-09 19:22:14+00:00
ElyamaniMoumen,2013-01-11 00:47:37+00:00
HeartsD31124102,2021-03-09 19:06:54+00:00
PerezDan9,2021-03-09 19:21:45+00:00
Ronald32421213,2021-03-09 19:25:54+00:00
JamesDi18661477,2021-03-09 19:27:01+00:00
SchnuelleTamara,2020-08-27 08:21:30+00:00
ohmygoditsrdj1,2021-03-09 19:24:09+00:00
eden_buckmaster,2021-03-09 13:02:43+00:00
Digitalstrange1,2018-01-12 06:43:17+00:00
JeffreyMcConni1,2021-03-09 19:10:03+00:00
johnromero86,2021-03-08 04:42:48+00:00
Faith95376608,2021-03-09 19:13:59+00:00
Abubaka90697256,2015-08-27 22:29:23+00:00
Roberto19024829,2021-02-16 15:19:45+00:00
RTainara2,2021-03-09 19:14:44+00:00
jazmine26527493,2021-03-09 19:24:38+00:00
Rockdri16531763,2021-03-09 19:16:23+00:00
Deano_Helliwell,2011-12-04 19:38:13+00:00
tgtatbo_seavey,2020-05-11 20:25:06+00:00
Emanuel66179179,2021-03-09 19:21:38+00:00
Kevinlu52317535,2021-03-09 19:12:56+00:00
Gustavo09240331,2021-03-09 19:21:54+00:00
Baptiste_rmss,2015-10-17 16:42:58+00:00
HerHonourSilang,2020-08-26 07:35:54+00:00
sr_braswell,2021-03-09 19:19:43+00:00
CammyContent,2021-03-09 19:15:44+00:00
Abigail28739930,2021-03-09 19:15:29+00:00
Jacob79627396,2021-03-09 19:15:48+00:00
SifValkyra,2021-03-09 19:14:04+00:00
Queen_Midnight_,2016-05-06 03:53:54+00:00
CTrefoux,2021-03-09 19:20:47+00:00
butogwa,2010-10-18 15:07:47+00:00
Wendy78940456,2021-03-09 19:21:20+00:00
Natalia77903995,2021-03-09 19:15:39+00:00
EvaHostetter,2021-03-09 19:20:12+00:00
Mattholmie23,2021-03-09 19:14:33+00:00
Sophie29911994,2021-03-09 19:08:10+00:00
Njoidz,2021-03-09 18:59:26+00:00
victorugopa,2020-10-18 21:06:56+00:00
techAI01,2021-03-03 05:36:47+00:00
whynotgaba,2020-09-16 09:47:24+00:00
vvvittoriaaa,2019-08-01 18:57:50+00:00
AngharadHumph,2021-03-09 19:15:54+00:00
CajandingEthan,2021-03-09 19:18:01+00:00
